Workbook
Name STAFF_NAMES: 設定!$B$5:$B$10
Name STAFF_WD: 設定!$D$3:$J$10
Name BIZ_TABLE: 設定!$D$14:$J$16
Name HOLIDAYS: 設定!$N$5:$N$80
Name MIN_ALL: 設定!$C$19
Name MIN_FT: 設定!$C$20
Name SYM_TBL: 設定!$B$25:$D$33
Name LOG_NAME: 休暇申請!$C$5:$C$124
Name LOG_DATE: 休暇申請!$D$5:$D$124
Name LOG_SYM: 休暇申請!$E$5:$E$124
Name LOG_STATE: 休暇申請!$G$5:$G$124
Name KEYTAB_A: 休暇申請!$L$5:$N$124
Name KEYTAB_P: 休暇申請!$M$5:$N$124

Sheet シフト表
B1: シフト表（自動）
B2: 年と月を変えるだけ。休暇申請の内容が自動で入る。( ) 付きは申請中。空欄 = 通常出勤、－ = その人の勤務曜日ではない日。
B3: 年 | C3: 2026 | D3: 月 | E3: 9 | H3: 最低出勤 | K3: =MIN_ALL | L3: 最低正社員 | P3: =MIN_FT | AJ3: 有/休/特/代/欠 | AK3: 午前/午後 | AL3: 在/外 | AM3: (申請中) | AN3: 休業日
B5: 氏名 | C5: 区分 | D5: {=IF(DATE($C$3,$E$3,1)+COLUMN(D$5:AH$5)-COLUMN($D$5)>EOMONTH(DATE($C$3,$E$3,1),0),"",DATE($C$3,$E$3,1)+COLUMN(D$5:AH$5)-COLUMN($D$5))} | AJ5: 所定日数 | AK5: 出勤日数 | AL5: 休暇日数 | AM5: 有給日数
D6: {=IF(D$5:AH$5="","",MID("月火水木金土日",WEEKDAY(D$5:AH$5,2),1))}
D7: {=IF(D$5:AH$5="","",IF((HLOOKUP(WEEKDAY(D$5:AH$5,2),BIZ_TABLE,2,0)="×")+(COUNTIF(HOLIDAYS,D$5:AH$5)>0)>0,"休業",""))}
B8: =IF(設定!B5="","",設定!B5) | C8: =IF(設定!C5="","",設定!C5) | D8: {=IF($B8="","",IF(D$5:AH$5="","",IF(D$7:AH$7="休業","",IF(HLOOKUP(WEEKDAY(D$5:AH$5,2),STAFF_WD,MATCH($B8,STAFF_NAMES,0)+2,0)="×","－",IFERROR(VLOOKUP($B8&"|"&TEXT(D$5:AH$5,"yyyymmdd"),KEYTAB_A,3,0),IFERROR("("&VLOOKUP($B8&"|"&TEXT(D$5:AH$5,"yyyymmdd"),KEYTAB_P,2,0)&")",""))))))} | AJ8: =IF($B8="","",COUNT(D23:AH23)) | AK8: =IF($B8="","",SUM(D23:AH23)) | AL8: =IF($B8="","",AJ8-AK8) | AM8: =IF($B8="","",COUNTIF(D8:AH8,"有")+0.5*(COUNTIF(D8:AH8,"午前")+COUNTIF(D8:AH8,"午後")))
B9: =IF(設定!B6="","",設定!B6) | C9: =IF(設定!C6="","",設定!C6) | D9: {=IF($B9="","",IF(D$5:AH$5="","",IF(D$7:AH$7="休業","",IF(HLOOKUP(WEEKDAY(D$5:AH$5,2),STAFF_WD,MATCH($B9,STAFF_NAMES,0)+2,0)="×","－",IFERROR(VLOOKUP($B9&"|"&TEXT(D$5:AH$5,"yyyymmdd"),KEYTAB_A,3,0),IFERROR("("&VLOOKUP($B9&"|"&TEXT(D$5:AH$5,"yyyymmdd"),KEYTAB_P,2,0)&")",""))))))} | AJ9: =IF($B9="","",COUNT(D24:AH24)) | AK9: =IF($B9="","",SUM(D24:AH24)) | AL9: =IF($B9="","",AJ9-AK9) | AM9: =IF($B9="","",COUNTIF(D9:AH9,"有")+0.5*(COUNTIF(D9:AH9,"午前")+COUNTIF(D9:AH9,"午後")))
B10: =IF(設定!B7="","",設定!B7) | C10: =IF(設定!C7="","",設定!C7) | D10: {=IF($B10="","",IF(D$5:AH$5="","",IF(D$7:AH$7="休業","",IF(HLOOKUP(WEEKDAY(D$5:AH$5,2),STAFF_WD,MATCH($B10,STAFF_NAMES,0)+2,0)="×","－",IFERROR(VLOOKUP($B10&"|"&TEXT(D$5:AH$5,"yyyymmdd"),KEYTAB_A,3,0),IFERROR("("&VLOOKUP($B10&"|"&TEXT(D$5:AH$5,"yyyymmdd"),KEYTAB_P,2,0)&")",""))))))} | AJ10: =IF($B10="","",COUNT(D25:AH25)) | AK10: =IF($B10="","",SUM(D25:AH25)) | AL10: =IF($B10="","",AJ10-AK10) | AM10: =IF($B10="","",COUNTIF(D10:AH10,"有")+0.5*(COUNTIF(D10:AH10,"午前")+COUNTIF(D10:AH10,"午後")))
B11: =IF(設定!B8="","",設定!B8) | C11: =IF(設定!C8="","",設定!C8) | D11: {=IF($B11="","",IF(D$5:AH$5="","",IF(D$7:AH$7="休業","",IF(HLOOKUP(WEEKDAY(D$5:AH$5,2),STAFF_WD,MATCH($B11,STAFF_NAMES,0)+2,0)="×","－",IFERROR(VLOOKUP($B11&"|"&TEXT(D$5:AH$5,"yyyymmdd"),KEYTAB_A,3,0),IFERROR("("&VLOOKUP($B11&"|"&TEXT(D$5:AH$5,"yyyymmdd"),KEYTAB_P,2,0)&")",""))))))} | AJ11: =IF($B11="","",COUNT(D26:AH26)) | AK11: =IF($B11="","",SUM(D26:AH26)) | AL11: =IF($B11="","",AJ11-AK11) | AM11: =IF($B11="","",COUNTIF(D11:AH11,"有")+0.5*(COUNTIF(D11:AH11,"午前")+COUNTIF(D11:AH11,"午後")))
B12: =IF(設定!B9="","",設定!B9) | C12: =IF(設定!C9="","",設定!C9) | D12: {=IF($B12="","",IF(D$5:AH$5="","",IF(D$7:AH$7="休業","",IF(HLOOKUP(WEEKDAY(D$5:AH$5,2),STAFF_WD,MATCH($B12,STAFF_NAMES,0)+2,0)="×","－",IFERROR(VLOOKUP($B12&"|"&TEXT(D$5:AH$5,"yyyymmdd"),KEYTAB_A,3,0),IFERROR("("&VLOOKUP($B12&"|"&TEXT(D$5:AH$5,"yyyymmdd"),KEYTAB_P,2,0)&")",""))))))} | AJ12: =IF($B12="","",COUNT(D27:AH27)) | AK12: =IF($B12="","",SUM(D27:AH27)) | AL12: =IF($B12="","",AJ12-AK12) | AM12: =IF($B12="","",COUNTIF(D12:AH12,"有")+0.5*(COUNTIF(D12:AH12,"午前")+COUNTIF(D12:AH12,"午後")))
B13: =IF(設定!B10="","",設定!B10) | C13: =IF(設定!C10="","",設定!C10) | D13: {=IF($B13="","",IF(D$5:AH$5="","",IF(D$7:AH$7="休業","",IF(HLOOKUP(WEEKDAY(D$5:AH$5,2),STAFF_WD,MATCH($B13,STAFF_NAMES,0)+2,0)="×","－",IFERROR(VLOOKUP($B13&"|"&TEXT(D$5:AH$5,"yyyymmdd"),KEYTAB_A,3,0),IFERROR("("&VLOOKUP($B13&"|"&TEXT(D$5:AH$5,"yyyymmdd"),KEYTAB_P,2,0)&")",""))))))} | AJ13: =IF($B13="","",COUNT(D28:AH28)) | AK13: =IF($B13="","",SUM(D28:AH28)) | AL13: =IF($B13="","",AJ13-AK13) | AM13: =IF($B13="","",COUNTIF(D13:AH13,"有")+0.5*(COUNTIF(D13:AH13,"午前")+COUNTIF(D13:AH13,"午後")))
B15: 出勤人数（承認済み反映） | D15: =IF(D$5="","",IF(D$7="休業","－",SUM(D23:D28))) | E15: =IF(E$5="","",IF(E$7="休業","－",SUM(E23:E28))) | F15: =IF(F$5="","",IF(F$7="休業","－",SUM(F23:F28))) | G15: =IF(G$5="","",IF(G$7="休業","－",SUM(G23:G28))) | H15: =IF(H$5="","",IF(H$7="休業","－",SUM(H23:H28))) | I15: =IF(I$5="","",IF(I$7="休業","－",SUM(I23:I28))) | J15: =IF(J$5="","",IF(J$7="休業","－",SUM(J23:J28))) | K15: =IF(K$5="","",IF(K$7="休業","－",SUM(K23:K28))) | ... AH15: =IF(AH$5="","",IF(AH$7="休業","－",SUM(AH23:AH28)))
B16: うち正社員 | D16: =IF(D$5="","",IF(D$7="休業","－",SUMIF($C$8:$C$13,"正社員",D23:D28))) | E16: =IF(E$5="","",IF(E$7="休業","－",SUMIF($C$8:$C$13,"正社員",E23:E28))) | F16: =IF(F$5="","",IF(F$7="休業","－",SUMIF($C$8:$C$13,"正社員",F23:F28))) | G16: =IF(G$5="","",IF(G$7="休業","－",SUMIF($C$8:$C$13,"正社員",G23:G28))) | H16: =IF(H$5="","",IF(H$7="休業","－",SUMIF($C$8:$C$13,"正社員",H23:H28))) | I16: =IF(I$5="","",IF(I$7="休業","－",SUMIF($C$8:$C$13,"正社員",I23:I28))) | J16: =IF(J$5="","",IF(J$7="休業","－",SUMIF($C$8:$C$13,"正社員",J23:J28))) | K16: =IF(K$5="","",IF(K$7="休業","－",SUMIF($C$8:$C$13,"正社員",K23:K28))) | ... AH16: =IF(AH$5="","",IF(AH$7="休業","－",SUMIF($C$8:$C$13,"正社員",AH23:AH28)))
B17: うち派遣 | D17: =IF(D$5="","",IF(D$7="休業","－",SUMIF($C$8:$C$13,"派遣",D23:D28))) | E17: =IF(E$5="","",IF(E$7="休業","－",SUMIF($C$8:$C$13,"派遣",E23:E28))) | F17: =IF(F$5="","",IF(F$7="休業","－",SUMIF($C$8:$C$13,"派遣",F23:F28))) | G17: =IF(G$5="","",IF(G$7="休業","－",SUMIF($C$8:$C$13,"派遣",G23:G28))) | H17: =IF(H$5="","",IF(H$7="休業","－",SUMIF($C$8:$C$13,"派遣",H23:H28))) | I17: =IF(I$5="","",IF(I$7="休業","－",SUMIF($C$8:$C$13,"派遣",I23:I28))) | J17: =IF(J$5="","",IF(J$7="休業","－",SUMIF($C$8:$C$13,"派遣",J23:J28))) | K17: =IF(K$5="","",IF(K$7="休業","－",SUMIF($C$8:$C$13,"派遣",K23:K28))) | ... AH17: =IF(AH$5="","",IF(AH$7="休業","－",SUMIF($C$8:$C$13,"派遣",AH23:AH28)))
B18: 判定（NG = 下限割れ） | D18: =IF(D$5="","",IF(D$7="休業","－",IF(OR(D15<MIN_ALL,D16<MIN_FT),"NG","OK"))) | E18: =IF(E$5="","",IF(E$7="休業","－",IF(OR(E15<MIN_ALL,E16<MIN_FT),"NG","OK"))) | F18: =IF(F$5="","",IF(F$7="休業","－",IF(OR(F15<MIN_ALL,F16<MIN_FT),"NG","OK"))) | G18: =IF(G$5="","",IF(G$7="休業","－",IF(OR(G15<MIN_ALL,G16<MIN_FT),"NG","OK"))) | H18: =IF(H$5="","",IF(H$7="休業","－",IF(OR(H15<MIN_ALL,H16<MIN_FT),"NG","OK"))) | I18: =IF(I$5="","",IF(I$7="休業","－",IF(OR(I15<MIN_ALL,I16<MIN_FT),"NG","OK"))) | J18: =IF(J$5="","",IF(J$7="休業","－",IF(OR(J15<MIN_ALL,J16<MIN_FT),"NG","OK"))) | K18: =IF(K$5="","",IF(K$7="休業","－",IF(OR(K15<MIN_ALL,K16<MIN_FT),"NG","OK"))) | ... AH18: =IF(AH$5="","",IF(AH$7="休業","－",IF(OR(AH15<MIN_ALL,AH16<MIN_FT),"NG","OK")))
B19: 申請中も休みにした場合の出勤人数 | D19: =IF(D$5="","",IF(D$7="休業","－",D15-SUMPRODUCT((LEFT(D8:D13,1)="(")*1))) | E19: =IF(E$5="","",IF(E$7="休業","－",E15-SUMPRODUCT((LEFT(E8:E13,1)="(")*1))) | F19: =IF(F$5="","",IF(F$7="休業","－",F15-SUMPRODUCT((LEFT(F8:F13,1)="(")*1))) | G19: =IF(G$5="","",IF(G$7="休業","－",G15-SUMPRODUCT((LEFT(G8:G13,1)="(")*1))) | H19: =IF(H$5="","",IF(H$7="休業","－",H15-SUMPRODUCT((LEFT(H8:H13,1)="(")*1))) | I19: =IF(I$5="","",IF(I$7="休業","－",I15-SUMPRODUCT((LEFT(I8:I13,1)="(")*1))) | J19: =IF(J$5="","",IF(J$7="休業","－",J15-SUMPRODUCT((LEFT(J8:J13,1)="(")*1))) | K19: =IF(K$5="","",IF(K$7="休業","－",K15-SUMPRODUCT((LEFT(K8:K13,1)="(")*1))) | ... AH19: =IF(AH$5="","",IF(AH$7="休業","－",AH15-SUMPRODUCT((LEFT(AH8:AH13,1)="(")*1)))
B20: 申請中を承認した場合の判定 | D20: =IF(D$5="","",IF(D$7="休業","－",IF(OR(D19<MIN_ALL,D16-SUMPRODUCT(($C$8:$C$13="正社員")*(LEFT(D8:D13,1)="("))<MIN_FT),"要注意","OK"))) | E20: =IF(E$5="","",IF(E$7="休業","－",IF(OR(E19<MIN_ALL,E16-SUMPRODUCT(($C$8:$C$13="正社員")*(LEFT(E8:E13,1)="("))<MIN_FT),"要注意","OK"))) | F20: =IF(F$5="","",IF(F$7="休業","－",IF(OR(F19<MIN_ALL,F16-SUMPRODUCT(($C$8:$C$13="正社員")*(LEFT(F8:F13,1)="("))<MIN_FT),"要注意","OK"))) | G20: =IF(G$5="","",IF(G$7="休業","－",IF(OR(G19<MIN_ALL,G16-SUMPRODUCT(($C$8:$C$13="正社員")*(LEFT(G8:G13,1)="("))<MIN_FT),"要注意","OK"))) | H20: =IF(H$5="","",IF(H$7="休業","－",IF(OR(H19<MIN_ALL,H16-SUMPRODUCT(($C$8:$C$13="正社員")*(LEFT(H8:H13,1)="("))<MIN_FT),"要注意","OK"))) | I20: =IF(I$5="","",IF(I$7="休業","－",IF(OR(I19<MIN_ALL,I16-SUMPRODUCT(($C$8:$C$13="正社員")*(LEFT(I8:I13,1)="("))<MIN_FT),"要注意","OK"))) | J20: =IF(J$5="","",IF(J$7="休業","－",IF(OR(J19<MIN_ALL,J16-SUMPRODUCT(($C$8:$C$13="正社員")*(LEFT(J8:J13,1)="("))<MIN_FT),"要注意","OK"))) | K20: =IF(K$5="","",IF(K$7="休業","－",IF(OR(K19<MIN_ALL,K16-SUMPRODUCT(($C$8:$C$13="正社員")*(LEFT(K8:K13,1)="("))<MIN_FT),"要注意","OK"))) | ... AH20: =IF(AH$5="","",IF(AH$7="休業","－",IF(OR(AH19<MIN_ALL,AH16-SUMPRODUCT(($C$8:$C$13="正社員")*(LEFT(AH8:AH13,1)="("))<MIN_FT),"要注意","OK")))
B22: 自動計算エリア（出勤係数。編集不要。申請中は1日休み扱いで安全側に計算）
B23: =B8 | C23: 係数 | D23: {=IF($B8="","",IF(D$5:AH$5="","",IF(D$7:AH$7="休業","",IF(D8:AH8="－","",IF(D8:AH8="",1,IFERROR(VLOOKUP(D8:AH8,SYM_TBL,3,0),1))))))}
B24: =B9 | C24: 係数 | D24: {=IF($B9="","",IF(D$5:AH$5="","",IF(D$7:AH$7="休業","",IF(D9:AH9="－","",IF(D9:AH9="",1,IFERROR(VLOOKUP(D9:AH9,SYM_TBL,3,0),1))))))}
B25: =B10 | C25: 係数 | D25: {=IF($B10="","",IF(D$5:AH$5="","",IF(D$7:AH$7="休業","",IF(D10:AH10="－","",IF(D10:AH10="",1,IFERROR(VLOOKUP(D10:AH10,SYM_TBL,3,0),1))))))}
B26: =B11 | C26: 係数 | D26: {=IF($B11="","",IF(D$5:AH$5="","",IF(D$7:AH$7="休業","",IF(D11:AH11="－","",IF(D11:AH11="",1,IFERROR(VLOOKUP(D11:AH11,SYM_TBL,3,0),1))))))}
B27: =B12 | C27: 係数 | D27: {=IF($B12="","",IF(D$5:AH$5="","",IF(D$7:AH$7="休業","",IF(D12:AH12="－","",IF(D12:AH12="",1,IFERROR(VLOOKUP(D12:AH12,SYM_TBL,3,0),1))))))}
B28: =B13 | C28: 係数 | D28: {=IF($B13="","",IF(D$5:AH$5="","",IF(D$7:AH$7="休業","",IF(D13:AH13="－","",IF(D13:AH13="",1,IFERROR(VLOOKUP(D13:AH13,SYM_TBL,3,0),1))))))}

Sheet 休暇申請
B1: 休暇申請（ここだけ入力する）
B2: 1休暇につき1行。連休は日ごとに1行。状態を「承認」にするとシフト表・有給管理に反映される。行の挿入はせず、下に追記する。
B3: 黄色 = 入力 灰色 = 自動（触らない） 同日の他の休み = 承認＋申請中の人数（半休も1人と数える） 出勤見込み = 勤務予定人数 − 休む人数
B4: 申請日 | C4: 氏名 | D4: 休暇日 | E4: 種別 | F4: 理由・備考 | G4: 状態 | H4: 承認者 | I4: 同日の他の休み | J4: 出勤見込み | K4: 判定 | L4: キー承認 | M4: キー申請中 | N4: 種別
B5: 46266 | C5: 正社員A | D5: 46275 | E5: 有 | F5: 私用 | G5: 承認 | H5: 正社員B | I5: {=IF(D5:D124="","",COUNTIFS(LOG_DATE,D5:D124,LOG_STATE,"承認")+COUNTIFS(LOG_DATE,D5:D124,LOG_STATE,"申請中")-IF(G5:G124="却下",0,1))} | J5: {=IF(D5:D124="","",IFERROR(HLOOKUP(WEEKDAY(D5:D124,2),BIZ_TABLE,3,0)-I5:I124-IF(G5:G124="却下",0,1),"日付を確認"))} | K5: {=IF(D5:D124="","",IFERROR(IF((HLOOKUP(WEEKDAY(D5:D124,2),BIZ_TABLE,2,0)="×")+(COUNTIF(HOLIDAYS,D5:D124)>0)>0,"休業日",IF(J5:J124<MIN_ALL,"要確認","OK")),"日付を確認"))} | L5: {=IF((G5:G124="承認")*(C5:C124<>"")*(D5:D124<>""),C5:C124&"|"&TEXT(D5:D124,"yyyymmdd"),"")} | M5: {=IF((G5:G124="申請中")*(C5:C124<>"")*(D5:D124<>""),C5:C124&"|"&TEXT(D5:D124,"yyyymmdd"),"")} | N5: {=IF(E5:E124="","",E5:E124)}
B6: 46267 | C6: 派遣A | D6: 46275 | E6: 有 | F6: 通院 | G6: 申請中
B7: 46267 | C7: 正社員B | D7: 46280 | E7: 午前 | F7: 役所手続き | G7: 承認 | H7: 正社員A
B8: 46267 | C8: 派遣B | D8: 46275 | E8: 休 | F8: 私用（希望休） | G8: 申請中

Sheet 有給管理
B1: 有給管理（自動集計）
B2: 承認済みの「有」「午前」「午後」を基準日以降で数える。派遣の残数は派遣元が管理するため、ここでは取得日数の把握のみ。
B3: 黄色 = 入力（付与日・付与日数・繰越） 年10日以上付与される人は付与日から1年以内に5日取得させる義務あり（労基法39条7項）
B4: 氏名 | C4: 区分 | D4: 基準日（付与日） | E4: 付与日数 | F4: 繰越日数 | G4: 取得日数（承認済） | H4: 残日数 | I4: 年5日取得義務 | J4: 備考
B5: =IF(設定!B5="","",設定!B5) | C5: =IF(設定!C5="","",設定!C5) | D5: 46113 | E5: 10 | F5: 0 | G5: =IF(B5="","",COUNTIFS(LOG_NAME,B5,LOG_DATE,">="&IF(D5="",0,D5),LOG_SYM,"有",LOG_STATE,"承認")+0.5*(COUNTIFS(LOG_NAME,B5,LOG_DATE,">="&IF(D5="",0,D5),LOG_SYM,"午前",LOG_STATE,"承認")+COUNTIFS(LOG_NAME,B5,LOG_DATE,">="&IF(D5="",0,D5),LOG_SYM,"午後",LOG_STATE,"承認"))) | H5: =IF(B5="","",IF(C5="派遣","派遣元で管理",E5+F5-G5)) | I5: =IF(B5="","",IF(C5="派遣","対象外（派遣元）",IF(E5>=10,IF(G5>=5,"達成","あと"&(5-G5)&"日"),"対象外"))) | J5: 付与日数・繰越は例。実際の値に直す
B6: =IF(設定!B6="","",設定!B6) | C6: =IF(設定!C6="","",設定!C6) | D6: 46113 | E6: 11 | F6: 3 | G6: =IF(B6="","",COUNTIFS(LOG_NAME,B6,LOG_DATE,">="&IF(D6="",0,D6),LOG_SYM,"有",LOG_STATE,"承認")+0.5*(COUNTIFS(LOG_NAME,B6,LOG_DATE,">="&IF(D6="",0,D6),LOG_SYM,"午前",LOG_STATE,"承認")+COUNTIFS(LOG_NAME,B6,LOG_DATE,">="&IF(D6="",0,D6),LOG_SYM,"午後",LOG_STATE,"承認"))) | H6: =IF(B6="","",IF(C6="派遣","派遣元で管理",E6+F6-G6)) | I6: =IF(B6="","",IF(C6="派遣","対象外（派遣元）",IF(E6>=10,IF(G6>=5,"達成","あと"&(5-G6)&"日"),"対象外")))
B7: =IF(設定!B7="","",設定!B7) | C7: =IF(設定!C7="","",設定!C7) | G7: =IF(B7="","",COUNTIFS(LOG_NAME,B7,LOG_DATE,">="&IF(D7="",0,D7),LOG_SYM,"有",LOG_STATE,"承認")+0.5*(COUNTIFS(LOG_NAME,B7,LOG_DATE,">="&IF(D7="",0,D7),LOG_SYM,"午前",LOG_STATE,"承認")+COUNTIFS(LOG_NAME,B7,LOG_DATE,">="&IF(D7="",0,D7),LOG_SYM,"午後",LOG_STATE,"承認"))) | H7: =IF(B7="","",IF(C7="派遣","派遣元で管理",E7+F7-G7)) | I7: =IF(B7="","",IF(C7="派遣","対象外（派遣元）",IF(E7>=10,IF(G7>=5,"達成","あと"&(5-G7)&"日"),"対象外")))
B8: =IF(設定!B8="","",設定!B8) | C8: =IF(設定!C8="","",設定!C8) | G8: =IF(B8="","",COUNTIFS(LOG_NAME,B8,LOG_DATE,">="&IF(D8="",0,D8),LOG_SYM,"有",LOG_STATE,"承認")+0.5*(COUNTIFS(LOG_NAME,B8,LOG_DATE,">="&IF(D8="",0,D8),LOG_SYM,"午前",LOG_STATE,"承認")+COUNTIFS(LOG_NAME,B8,LOG_DATE,">="&IF(D8="",0,D8),LOG_SYM,"午後",LOG_STATE,"承認"))) | H8: =IF(B8="","",IF(C8="派遣","派遣元で管理",E8+F8-G8)) | I8: =IF(B8="","",IF(C8="派遣","対象外（派遣元）",IF(E8>=10,IF(G8>=5,"達成","あと"&(5-G8)&"日"),"対象外")))
B9: =IF(設定!B9="","",設定!B9) | C9: =IF(設定!C9="","",設定!C9) | G9: =IF(B9="","",COUNTIFS(LOG_NAME,B9,LOG_DATE,">="&IF(D9="",0,D9),LOG_SYM,"有",LOG_STATE,"承認")+0.5*(COUNTIFS(LOG_NAME,B9,LOG_DATE,">="&IF(D9="",0,D9),LOG_SYM,"午前",LOG_STATE,"承認")+COUNTIFS(LOG_NAME,B9,LOG_DATE,">="&IF(D9="",0,D9),LOG_SYM,"午後",LOG_STATE,"承認"))) | H9: =IF(B9="","",IF(C9="派遣","派遣元で管理",E9+F9-G9)) | I9: =IF(B9="","",IF(C9="派遣","対象外（派遣元）",IF(E9>=10,IF(G9>=5,"達成","あと"&(5-G9)&"日"),"対象外")))
B10: =IF(設定!B10="","",設定!B10) | C10: =IF(設定!C10="","",設定!C10) | G10: =IF(B10="","",COUNTIFS(LOG_NAME,B10,LOG_DATE,">="&IF(D10="",0,D10),LOG_SYM,"有",LOG_STATE,"承認")+0.5*(COUNTIFS(LOG_NAME,B10,LOG_DATE,">="&IF(D10="",0,D10),LOG_SYM,"午前",LOG_STATE,"承認")+COUNTIFS(LOG_NAME,B10,LOG_DATE,">="&IF(D10="",0,D10),LOG_SYM,"午後",LOG_STATE,"承認"))) | H10: =IF(B10="","",IF(C10="派遣","派遣元で管理",E10+F10-G10)) | I10: =IF(B10="","",IF(C10="派遣","対象外（派遣元）",IF(E10>=10,IF(G10>=5,"達成","あと"&(5-G10)&"日"),"対象外")))

Sheet 設定
B1: 設定
B2: メンバー（氏名・区分・勤務曜日 ○×） | N2: 祝日・会社休業日（追加可）
D3: 1 | E3: 2 | F3: 3 | G3: 4 | H3: 5 | I3: 6 | J3: 7 | N3: 2026/9〜2027年の祝日を入力済み。年末年始など会社休業日も追加できる
B4: 氏名 | C4: 区分 | D4: 月 | E4: 火 | F4: 水 | G4: 木 | H4: 金 | I4: 土 | J4: 日 | K4: 備考 | N4: 日付 | O4: 名称
B5: 正社員A | C5: 正社員 | D5: ○ | E5: ○ | F5: ○ | G5: ○ | H5: ○ | I5: × | J5: × | K5: 氏名を実名に書き換える | N5: 46286 | O5: 敬老の日
B6: 正社員B | C6: 正社員 | D6: ○ | E6: ○ | F6: ○ | G6: ○ | H6: ○ | I6: × | J6: × | N6: 46287 | O6: 国民の休日
B7: 派遣A | C7: 派遣 | D7: ○ | E7: ○ | F7: ○ | G7: ○ | H7: ○ | I7: × | J7: × | K7: 契約の勤務曜日に合わせて○×を直す | N7: 46288 | O7: 秋分の日
B8: 派遣B | C8: 派遣 | D8: ○ | E8: ○ | F8: ○ | G8: ○ | H8: ○ | I8: × | J8: × | N8: 46307 | O8: スポーツの日
D9: × | E9: × | F9: × | G9: × | H9: × | I9: × | J9: × | K9: 増員したらここに追加 | N9: 46329 | O9: 文化の日
D10: × | E10: × | F10: × | G10: × | H10: × | I10: × | J10: × | N10: 46349 | O10: 勤労感謝の日
N11: 46385 | O11: 年末休業（例）
B12: 営業曜日（×の曜日は休業日。祝日は右の一覧で指定） | N12: 46386 | O12: 年末休業（例）
B13: 曜日 | D13: 月 | E13: 火 | F13: 水 | G13: 木 | H13: 金 | I13: 土 | J13: 日 | N13: 46387 | O13: 年末休業（例）
B14: 曜日番号 | D14: 1 | E14: 2 | F14: 3 | G14: 4 | H14: 5 | I14: 6 | J14: 7 | N14: 46388 | O14: 元日
B15: 営業 | D15: ○ | E15: ○ | F15: ○ | G15: ○ | H15: ○ | I15: × | J15: × | N15: 46389 | O15: 年始休業（例）
B16: 勤務予定人数（自動） | D16: =COUNTIF(D$5:D$10,"○") | E16: =COUNTIF(E$5:E$10,"○") | F16: =COUNTIF(F$5:F$10,"○") | G16: =COUNTIF(G$5:G$10,"○") | H16: =COUNTIF(H$5:H$10,"○") | I16: =COUNTIF(I$5:I$10,"○") | J16: =COUNTIF(J$5:J$10,"○") | N16: 46390 | O16: 年始休業（例）
N17: 46398 | O17: 成人の日
B18: ルール（人数の下限） | N18: 46429 | O18: 建国記念の日
B19: 最低出勤人数（1日あたり） | C19: 2 | D19: ← 4名体制で2なら、同じ日に休めるのは最大2名 | N19: 46441 | O19: 天皇誕生日
B20: 最低正社員出勤人数 | C20: 1 | D20: ← 派遣だけの出勤日（指揮命令者不在）を防ぐ | N20: 46468 | O20: 春分の日 振替休日
B21: 申請期限の目安 | C21: 休みたい日の1週間前まで | N21: 46506 | O21: 昭和の日
N22: 46510 | O22: 憲法記念日
B23: 記号（休暇申請の種別） 出勤係数: 1=出勤 / 0=休み / 0.5=半日 | N23: 46511 | O23: みどりの日
B24: 記号 | C24: 意味 | D24: 係数 | F24: 備考 | N24: 46512 | O24: こどもの日
B25: 有 | C25: 有給休暇 | D25: 0 | F25: 正社員は年5日取得義務の対象 | N25: 46587 | O25: 海の日
B26: 午前 | C26: 午前半休 | D26: 0.5 | F26: 0.5日の有給として集計 | N26: 46610 | O26: 山の日
B27: 午後 | C27: 午後半休 | D27: 0.5 | F27: 0.5日の有給として集計 | N27: 46650 | O27: 敬老の日
B28: 休 | C28: 公休・希望休 | D28: 0 | F28: 無給の休み・シフト調整による休み | N28: 46653 | O28: 秋分の日
B29: 特 | C29: 特別休暇（慶弔など） | D29: 0 | N29: 46671 | O29: スポーツの日
B30: 代 | C30: 代休・振替休日 | D30: 0 | N30: 46694 | O30: 文化の日
B31: 欠 | C31: 欠勤 | D31: 0 | F31: 事後登録用 | N31: 46714 | O31: 勤労感謝の日
B32: 在 | C32: 在宅勤務 | D32: 1 | F32: 出勤扱い。所在把握のために記録
B33: 外 | C33: 外出・出張 | D33: 1 | F33: 出勤扱い。事務所が無人になる場合は別途注意

Sheet 使い方
B1: 使い方
B2: 正社員2名 + 派遣2名の少人数チーム向け。誰がいつ休むかを一箇所で見える化し、出勤人数が最低ラインを割らないように調整する。
C4: ■ 基本の考え方
C5: ・入力するのは「休暇申請」シートだけ。1休暇につき1行（連休は日ごとに1行）。行の挿入はせず下に追記する。
C6: ・「シフト表」は年・月を切り替えるだけで自動で組み上がる。「有給管理」は承認済みの申請から自動集計。
C7: ・黄色のセル = 入力する場所。灰色のセル = 自動計算（触らない）。
C8: ■ 最初にやること（5分）
C9: 1. 「設定」でメンバー4名の氏名・区分（正社員／派遣）・勤務曜日（○×）を入れる。
C10: 2. 「設定」の最低出勤人数（初期値 2名）と最低正社員出勤人数（初期値 1名）を確認する。
C11: 3. 「有給管理」に各人の付与日・付与日数・繰越を入れる（派遣の残数は派遣元管理なので不要）。
C12: 4. サンプルの申請4行（9/10に3人が重なって「要確認」が出る例）は削除してよい。
C13: ■ 休みを取りたいとき（申請者）
C14: 1. 「休暇申請」に申請日・氏名・休暇日・種別・理由を1行追加。状態は「申請中」。
C15: 2. 「判定」列に「要確認」と出たら、その日は既に誰かが休む予定。日程をずらせないか先に相談する。
... C28: ・半休は「同日の他の休み」「申請中の判定」では1人分の休みとして数える（安全側）。承認後の出勤人数は0.5で数える。
